no,result,pdf_page,pdf_product_name,pdf_code,pdf_capacity,pdf_lot_text,pdf_quantity,pdf_line,db_page,db_lot_code,db_display_name,db_code,db_capacity,db_lot_text,db_quantity,db_line
1,??,1,安芸虎 純米,301,1800,R7北東半計1169/北1122 7/11 青P,1258,安芸虎 純米 301 1800 R7北東半計1169/北1122 7/11 青P 1258,1,OPEN-20260701-301-0001,安芸虎 純米 1800ml R7北東半計1169/北1122 7/11 青P,301,1800,R7北東半計1169/北1122 7/11 青P,1258,安芸虎 純米 301 1800 R7北東半計1169/北1122 7/11 青P 1258
2,??,1,安芸虎 純米,301,1800,*11BY扉.右奥 8/30 青P,49,301 1800 *11BY扉.右奥 8/30 青P 49,1,OPEN-20260701-301-0002,安芸虎 純米 1800ml *11BY扉.右奥 8/30 青P,301,1800,*11BY扉.右奥 8/30 青P,49,301 1800 *11BY扉.右奥 8/30 青P 49
3,??,1,安芸虎 純米,303,720,まだ後詰R7北東やや奥.計2398＝1列,2398,303 720 まだ後詰R7北東やや奥.計2398＝1列 2398,1,OPEN-20260701-303-0003,安芸虎 純米 720ml まだ後詰R7北東やや奥.計2398＝1列,303,720,まだ後詰R7北東やや奥.計2398＝1列,2398,303 720 まだ後詰R7北東やや奥.計2398＝1列 2398
4,??,1,安芸虎 純米,303,720,R7北東入口.計3424/北2列2400+980,3620,303 720 R7北東入口.計3424/北2列2400+980 3620,1,OPEN-20260701-303-0004,安芸虎 純米 720ml R7北東入口.計3424/北2列2400+980,303,720,R7北東入口.計3424/北2列2400+980,3620,303 720 R7北東入口.計3424/北2列2400+980 3620
5,??,1,安芸虎 純米,305,300,未後詰北東入口R7計2419＝5面*（4（,2419,305 300 未後詰北東入口R7計2419＝5面*（4（ 2419,1,OPEN-20260701-305-0005,安芸虎 純米 300ml 未後詰北東入口R7計2419＝5面*（4（,305,300,未後詰北東入口R7計2419＝5面*（4（,2419,305 300 未後詰北東入口R7計2419＝5面*（4（ 2419
6,??,1,安芸虎 純米,305,300,R7＃計145＝南東90+外55 7/11 （R,311,305 300 R7＃計145＝南東90+外55 7/11 （R 311,1,OPEN-20260701-305-0006,安芸虎 純米 300ml R7＃計145＝南東90+外55 7/11 （R,305,300,R7＃計145＝南東90+外55 7/11 （R,311,305 300 R7＃計145＝南東90+外55 7/11 （R 311
7,??,1,安芸虎 純米,305,300,*11BY扉.右手前のはし8/30 青P,2,305 300 *11BY扉.右手前のはし8/30 青P 2,1,OPEN-20260701-305-0007,安芸虎 純米 300ml *11BY扉.右手前のはし8/30 青P,305,300,*11BY扉.右手前のはし8/30 青P,2,305 300 *11BY扉.右手前のはし8/30 青P 2
8,??,2,安芸虎 純米吟醸,151,1800,R7南東計550＝8*6+5*6+4*2+5）*6+,561,151 1800 R7南東計550＝8*6+5*6+4*2+5）*6+ 561,2,OPEN-20260701-151-0008,安芸虎 純米吟醸 1800ml R7南東計550＝8*6+5*6+4*2+5）*6+,151,1800,R7南東計550＝8*6+5*6+4*2+5）*6+,561,151 1800 R7南東計550＝8*6+5*6+4*2+5）*6+ 561
9,??,2,安芸虎 純米吟醸,153,720,R6北東計2857/うち土95.7/11（R4朝（,2965,153 720 R6北東計2857/うち土95.7/11（R4朝（ 2965,2,OPEN-20260701-153-0009,安芸虎 純米吟醸 720ml R6北東計2857/うち土95.7/11（R4朝（,153,720,R6北東計2857/うち土95.7/11（R4朝（,2965,153 720 R6北東計2857/うち土95.7/11（R4朝（ 2965
10,??,2,安芸虎 純米吟醸,153,720,未R7北東角計10166＝9600+ 7/11（,10166,153 720 未R7北東角計10166＝9600+ 7/11（ 10166,2,OPEN-20260701-153-0010,安芸虎 純米吟醸 720ml 未R7北東角計10166＝9600+ 7/11（,153,720,未R7北東角計10166＝9600+ 7/11（,10166,153 720 未R7北東角計10166＝9600+ 7/11（ 10166
11,??,3,安芸虎 純米吟醸,155,300,R7のみ北東計6063＝5面*2+4）*45+3,4883,155 300 R7のみ北東計6063＝5面*2+4）*45+3 4883,3,OPEN-20260701-155-0011,安芸虎 純米吟醸 300ml R7のみ北東計6063＝5面*2+4）*45+3,155,300,R7のみ北東計6063＝5面*2+4）*45+3,4883,155 300 R7のみ北東計6063＝5面*2+4）*45+3 4883
12,??,5,安芸虎 山田錦60% 純米,2281,1800,今固R3←ｽﾓｰｸ 山60 青P(29b計6,1,2281 1800 今固R3←ｽﾓｰｸ 山60 青P(29b計6 1,5,OPEN-20260701-2281-0012,安芸虎 山田錦60% 純米 1800ml 今固R3←ｽﾓｰｸ 山60 青P(29b計6,2281,1800,今固R3←ｽﾓｰｸ 山60 青P(29b計6,1,2281 1800 今固R3←ｽﾓｰｸ 山60 青P(29b計6 1
13,??,5,安芸虎 山田錦60% 純米,2281,1800,*固ｽﾓｰｸ/R4夏ｼﾌﾄ 6/11 （他山ｼﾌﾄ,2,2281 1800 *固ｽﾓｰｸ/R4夏ｼﾌﾄ 6/11 （他山ｼﾌﾄ 2,5,OPEN-20260701-2281-0013,安芸虎 山田錦60% 純米 1800ml *固ｽﾓｰｸ/R4夏ｼﾌﾄ 6/11 （他山ｼﾌﾄ,2281,1800,*固ｽﾓｰｸ/R4夏ｼﾌﾄ 6/11 （他山ｼﾌﾄ,2,2281 1800 *固ｽﾓｰｸ/R4夏ｼﾌﾄ 6/11 （他山ｼﾌﾄ 2
14,??,5,安芸虎 山田錦60% 純米,2283,720,R3本ｽﾓｰｸ.北西半.計41本 1/10 （2,17,2283 720 R3本ｽﾓｰｸ.北西半.計41本 1/10 （2 17,5,OPEN-20260701-2283-0014,安芸虎 山田錦60% 純米 720ml R3本ｽﾓｰｸ.北西半.計41本 1/10 （2,2283,720,R3本ｽﾓｰｸ.北西半.計41本 1/10 （2,17,2283 720 R3本ｽﾓｰｸ.北西半.計41本 1/10 （2 17
15,??,6,安芸虎 山田錦80% 純米,3101,1800,未R7北東計2109＝/381＝9面*7）*6+,2109,安芸虎 山田錦80% 純米 3101 1800 未R7北東計2109＝/381＝9面*7）*6+ 2109,6,OPEN-20260701-3101-0015,安芸虎 山田錦80% 純米 1800ml 未R7北東計2109＝/381＝9面*7）*6+,3101,1800,未R7北東計2109＝/381＝9面*7）*6+,2109,安芸虎 山田錦80% 純米 3101 1800 未R7北東計2109＝/381＝9面*7）*6+ 2109
16,??,6,安芸虎 山田錦80% 純米,3101,1800,R6北.計1486/北1440+外46 1/15 （,209,3101 1800 R6北.計1486/北1440+外46 1/15 （ 209,6,OPEN-20260701-3101-0016,安芸虎 山田錦80% 純米 1800ml R6北.計1486/北1440+外46 1/15 （,3101,1800,R6北.計1486/北1440+外46 1/15 （,209,3101 1800 R6北.計1486/北1440+外46 1/15 （ 209
17,??,6,安芸虎 山田錦80% 純米,3103,720,R7北東手前.計1100＝5面*（4*2+3）｝,1643,3103 720 R7北東手前.計1100＝5面*（4*2+3）｝ 1643,6,OPEN-20260701-3103-0017,安芸虎 山田錦80% 純米 720ml R7北東手前.計1100＝5面*（4*2+3）｝,3103,720,R7北東手前.計1100＝5面*（4*2+3）｝,1643,3103 720 R7北東手前.計1100＝5面*（4*2+3）｝ 1643
18,??,7,安芸虎 純米大吟醸 斗瓶取り,551,1800,北G①上.三種混載＜25ｂｙ＞1本のみ,1,安芸虎 純米大吟醸 斗瓶取り 551 1800 北G①上.三種混載＜25ｂｙ＞1本のみ 1,7,OPEN-20260701-551-0018,安芸虎 純米大吟醸 斗瓶取り 1800ml 北G①上.三種混載＜25ｂｙ＞1本のみ,551,1800,北G①上.三種混載＜25ｂｙ＞1本のみ,1,安芸虎 純米大吟醸 斗瓶取り 551 1800 北G①上.三種混載＜25ｂｙ＞1本のみ 1
19,??,7,安芸虎 純米大吟醸 斗瓶取り,551,1800,19ｂｙ北G左①下のはし.2本8/30青P,2,551 1800 19ｂｙ北G左①下のはし.2本8/30青P 2,7,OPEN-20260701-551-0019,安芸虎 純米大吟醸 斗瓶取り 1800ml 19ｂｙ北G左①下のはし.2本8/30青P,551,1800,19ｂｙ北G左①下のはし.2本8/30青P,2,551 1800 19ｂｙ北G左①下のはし.2本8/30青P 2
20,??,7,安芸虎 純米大吟醸 斗瓶取り,551,1800,北G①上のはし三種混載”26BY”1本/,1,551 1800 北G①上のはし三種混載”26BY”1本/ 1,7,OPEN-20260701-551-0020,安芸虎 純米大吟醸 斗瓶取り 1800ml 北G①上のはし三種混載”26BY”1本/,551,1800,北G①上のはし三種混載”26BY”1本/,1,551 1800 北G①上のはし三種混載”26BY”1本/ 1
21,??,7,安芸虎 純米大吟醸 斗瓶取り,551,1800,21ｂｙ（山田）北G左①下2 1本.8/30.,1,551 1800 21ｂｙ（山田）北G左①下2 1本.8/30. 1,7,OPEN-20260701-551-0021,安芸虎 純米大吟醸 斗瓶取り 1800ml 21ｂｙ（山田）北G左①下2 1本.8/30.,551,1800,21ｂｙ（山田）北G左①下2 1本.8/30.,1,551 1800 21ｂｙ（山田）北G左①下2 1本.8/30. 1
22,??,7,安芸虎 純米大吟醸 斗瓶取り,553,720,23ｂ吟40.北G（Nｽﾍﾟ隣）1本”ｵﾘあり.1,1,553 720 23ｂ吟40.北G（Nｽﾍﾟ隣）1本”ｵﾘあり.1 1,7,OPEN-20260701-553-0022,安芸虎 純米大吟醸 斗瓶取り 720ml 23ｂ吟40.北G（Nｽﾍﾟ隣）1本”ｵﾘあり.1,553,720,23ｂ吟40.北G（Nｽﾍﾟ隣）1本”ｵﾘあり.1,1,553 720 23ｂ吟40.北G（Nｽﾍﾟ隣）1本”ｵﾘあり.1 1
23,??,7,安芸虎 純米大吟醸 斗瓶取り,553,720,北G22ｂｙ”ｵﾘあり山40.3本＝黄ｹｯﾄ8/,3,553 720 北G22ｂｙ”ｵﾘあり山40.3本＝黄ｹｯﾄ8/ 3,7,OPEN-20260701-553-0023,安芸虎 純米大吟醸 斗瓶取り 720ml 北G22ｂｙ”ｵﾘあり山40.3本＝黄ｹｯﾄ8/,553,720,北G22ｂｙ”ｵﾘあり山40.3本＝黄ｹｯﾄ8/,3,553 720 北G22ｂｙ”ｵﾘあり山40.3本＝黄ｹｯﾄ8/ 3
24,??,7,安芸虎 純米大吟醸,2121,1800,北G左①上三種混載24ｂ山40.1本8/3,1,安芸虎 純米大吟醸 2121 1800 北G左①上三種混載24ｂ山40.1本8/3 1,7,OPEN-20260701-2121-0024,安芸虎 純米大吟醸 1800ml 北G左①上三種混載24ｂ山40.1本8/3,2121,1800,北G左①上三種混載24ｂ山40.1本8/3,1,安芸虎 純米大吟醸 2121 1800 北G左①上三種混載24ｂ山40.1本8/3 1
25,??,7,安芸虎 純米大吟醸,2121,1800,固.北4合隣/詰替R5.4/30～ 1本 12/,2,2121 1800 固.北4合隣/詰替R5.4/30～ 1本 12/ 2,7,OPEN-20260701-2121-0025,安芸虎 純米大吟醸 1800ml 固.北4合隣/詰替R5.4/30～ 1本 12/,2121,1800,固.北4合隣/詰替R5.4/30～ 1本 12/,2,2121 1800 固.北4合隣/詰替R5.4/30～ 1本 12/ 2
26,??,8,安芸虎 純米大吟醸,2123,720,R5のみ北西央計136＝7+2）*15+1 1,82,2123 720 R5のみ北西央計136＝7+2）*15+1 1 82,8,OPEN-20260701-2123-0026,安芸虎 純米大吟醸 720ml R5のみ北西央計136＝7+2）*15+1 1,2123,720,R5のみ北西央計136＝7+2）*15+1 1,82,2123 720 R5のみ北西央計136＝7+2）*15+1 1 82
27,??,8,安芸虎純米大吟醸＜生原酒＞,2141,1800,28ｂｙ南中央通路 13本.9/6 青P,13,安芸虎純米大吟醸＜生原酒＞ 2141 1800 28ｂｙ南中央通路 13本.9/6 青P 13,8,OPEN-20260701-2141-0027,安芸虎純米大吟醸＜生原酒＞ 1800ml 28ｂｙ南中央通路 13本.9/6 青P,2141,1800,28ｂｙ南中央通路 13本.9/6 青P,13,安芸虎純米大吟醸＜生原酒＞ 2141 1800 28ｂｙ南中央通路 13本.9/6 青P 13
28,??,8,安芸虎純米大吟醸＜生原酒＞,2143,720,28ｂｙ南通路G（1.8と混載）3本 8/30,3,2143 720 28ｂｙ南通路G（1.8と混載）3本 8/30 3,8,OPEN-20260701-2143-0028,安芸虎純米大吟醸＜生原酒＞ 720ml 28ｂｙ南通路G（1.8と混載）3本 8/30,2143,720,28ｂｙ南通路G（1.8と混載）3本 8/30,3,2143 720 28ｂｙ南通路G（1.8と混載）3本 8/30 3
29,??,8,安芸虎純米大吟醸（赤),521,1800,R5南西G山40*雄町 2本.青P? 1/10,1,521 1800 R5南西G山40*雄町 2本.青P? 1/10 1,8,OPEN-20260701-521-0029,安芸虎純米大吟醸（赤) 1800ml R5南西G山40*雄町 2本.青P? 1/10,521,1800,R5南西G山40*雄町 2本.青P? 1/10,1,521 1800 R5南西G山40*雄町 2本.青P? 1/10 1
30,??,8,安芸虎純米大吟醸（赤),523,720,今R5山50*雄町28b南東半.計26＝15,11,523 720 今R5山50*雄町28b南東半.計26＝15 11,8,OPEN-20260701-523-0030,安芸虎純米大吟醸（赤) 720ml 今R5山50*雄町28b南東半.計26＝15,523,720,今R5山50*雄町28b南東半.計26＝15,11,523 720 今R5山50*雄町28b南東半.計26＝15 11
31,??,9,安芸虎 大吟醸,221,1800,初期詳細名,1,安芸虎 大吟醸 221 1800 初期詳細名 1,9,OPEN-20260701-221-0031,安芸虎 大吟醸 1800ml 初期詳細名,221,1800,初期詳細名,1,安芸虎 大吟醸 221 1800 初期詳細名 1
32,??,9,安芸虎 大吟醸,223,720,初期.あまり使わない,2,223 720 初期.あまり使わない 2,9,OPEN-20260701-223-0032,安芸虎 大吟醸 720ml 初期.あまり使わない,223,720,初期.あまり使わない,2,223 720 初期.あまり使わない 2
33,??,9,安芸虎 朝日 純米吟醸,2521,1800,本R7北西半.計473＝9面*（3+3）+9面,473,2521 1800 本R7北西半.計473＝9面*（3+3）+9面 473,9,OPEN-20260701-2521-0033,安芸虎 朝日 純米吟醸 1800ml 本R7北西半.計473＝9面*（3+3）+9面,2521,1800,本R7北西半.計473＝9面*（3+3）+9面,473,2521 1800 本R7北西半.計473＝9面*（3+3）+9面 473
34,??,9,安芸虎 朝日 純米吟醸,2521,1800,16.5％”29ｂ.3本南西（素0.33隣）8/30.,3,2521 1800 16.5％”29ｂ.3本南西（素0.33隣）8/30. 3,9,OPEN-20260701-2521-0034,安芸虎 朝日 純米吟醸 1800ml 16.5％”29ｂ.3本南西（素0.33隣）8/30.,2521,1800,16.5％”29ｂ.3本南西（素0.33隣）8/30.,3,2521 1800 16.5％”29ｂ.3本南西（素0.33隣）8/30. 3
35,??,9,安芸虎 朝日 純米吟醸,2523,720,本R7北西計1038＝5面*（4*2）+5面*2,1038,2523 720 本R7北西計1038＝5面*（4*2）+5面*2 1038,9,OPEN-20260701-2523-0035,安芸虎 朝日 純米吟醸 720ml 本R7北西計1038＝5面*（4*2）+5面*2,2523,720,本R7北西計1038＝5面*（4*2）+5面*2,1038,2523 720 本R7北西計1038＝5面*（4*2）+5面*2 1038
36,??,10,2711AK-30 1800 初期詳細名 0,2703,720,23ｂｙ.3本.南通路G（赤1.8の下）8/10,3,2703 720 23ｂｙ.3本.南通路G（赤1.8の下）8/10 3,10,OPEN-20260701-2703-0036,2711AK-30 1800 初期詳細名 0 720ml 23ｂｙ.3本.南通路G（赤1.8の下）8/10,2703,720,23ｂｙ.3本.南通路G（赤1.8の下）8/10,3,2703 720 23ｂｙ.3本.南通路G（赤1.8の下）8/10 3
37,??,10,安芸虎夏純吟,2641,1800,R7北東入口計480＝9面*6+9面*2+8）,227,2641 1800 R7北東入口計480＝9面*6+9面*2+8） 227,10,OPEN-20260701-2641-0037,安芸虎夏純吟 1800ml R7北東入口計480＝9面*6+9面*2+8）,2641,1800,R7北東入口計480＝9面*6+9面*2+8）,227,2641 1800 R7北東入口計480＝9面*6+9面*2+8） 227
38,??,10,安芸虎夏純吟,2643,720,ｷｰﾌﾟ＜R4＞南西.計52本 10/10 山,40,2643 720 ｷｰﾌﾟ＜R4＞南西.計52本 10/10 山 40,10,OPEN-20260701-2643-0038,安芸虎夏純吟 720ml ｷｰﾌﾟ＜R4＞南西.計52本 10/10 山,2643,720,ｷｰﾌﾟ＜R4＞南西.計52本 10/10 山,40,2643 720 ｷｰﾌﾟ＜R4＞南西.計52本 10/10 山 40
39,??,10,安芸虎夏純吟,2643,720,R7北東入口計1057＝5面*（4*2+2）+2,679,2643 720 R7北東入口計1057＝5面*（4*2+2）+2 679,10,OPEN-20260701-2643-0039,安芸虎夏純吟 720ml R7北東入口計1057＝5面*（4*2+2）+2,2643,720,R7北東入口計1057＝5面*（4*2+2）+2,679,2643 720 R7北東入口計1057＝5面*（4*2+2）+2 679
40,??,11,安芸虎 雄町 純米大吟醸,2071,1800,今28ｂ北.西手前.丸173＝7*2+5*2+4）,163,2071 1800 今28ｂ北.西手前.丸173＝7*2+5*2+4） 163,11,OPEN-20260701-2071-0040,安芸虎 雄町 純米大吟醸 1800ml 今28ｂ北.西手前.丸173＝7*2+5*2+4）,2071,1800,今28ｂ北.西手前.丸173＝7*2+5*2+4）,163,2071 1800 今28ｂ北.西手前.丸173＝7*2+5*2+4） 163
41,??,11,安芸虎 雄町 純米大吟醸,2071,1800,まだR2南西82/4合前.計34 12/13,28,2071 1800 まだR2南西82/4合前.計34 12/13 28,11,OPEN-20260701-2071-0041,安芸虎 雄町 純米大吟醸 1800ml まだR2南西82/4合前.計34 12/13,2071,1800,まだR2南西82/4合前.計34 12/13,28,2071 1800 まだR2南西82/4合前.計34 12/13 28
42,??,11,安芸虎 雄町 純米大吟醸,2073,720,R2詰替のみ計18＝13+5 1/10 （R,11,2073 720 R2詰替のみ計18＝13+5 1/10 （R 11,11,OPEN-20260701-2073-0042,安芸虎 雄町 純米大吟醸 720ml R2詰替のみ計18＝13+5 1/10 （R,2073,720,R2詰替のみ計18＝13+5 1/10 （R,11,2073 720 R2詰替のみ計18＝13+5 1/10 （R 11
43,??,11,安芸虎 雄町82%純米,2101,1800,固←R1北東入口.計203＝5*6+3）*6+,9,2101 1800 固←R1北東入口.計203＝5*6+3）*6+ 9,11,OPEN-20260701-2101-0043,安芸虎 雄町82%純米 1800ml 固←R1北東入口.計203＝5*6+3）*6+,2101,1800,固←R1北東入口.計203＝5*6+3）*6+,9,2101 1800 固←R1北東入口.計203＝5*6+3）*6+ 9
44,??,11,安芸虎 雄町82%純米,2103,720,R4のみ南西奥.計664＝3*9+4+2）*20,388,2103 720 R4のみ南西奥.計664＝3*9+4+2）*20 388,11,OPEN-20260701-2103-0044,安芸虎 雄町82%純米 720ml R4のみ南西奥.計664＝3*9+4+2）*20,2103,720,R4のみ南西奥.計664＝3*9+4+2）*20,388,2103 720 R4のみ南西奥.計664＝3*9+4+2）*20 388
45,??,11,安芸虎 雄町82%純米,2105,300,詰替R1南つきあ.82/4合東隣地べた.4,4,2105 300 詰替R1南つきあ.82/4合東隣地べた.4 4,11,OPEN-20260701-2105-0045,安芸虎 雄町82%純米 300ml 詰替R1南つきあ.82/4合東隣地べた.4,2105,300,詰替R1南つきあ.82/4合東隣地べた.4,4,2105 300 詰替R1南つきあ.82/4合東隣地べた.4 4
46,??,11,安芸虎雄町 純米大吟醸 原酒,2093,720,”下関大丸/南通路G予約あと28本8/,27,2093 720 ”下関大丸/南通路G予約あと28本8/ 27,11,OPEN-20260701-2093-0046,安芸虎雄町 純米大吟醸 原酒 720ml ”下関大丸/南通路G予約あと28本8/,2093,720,”下関大丸/南通路G予約あと28本8/,27,2093 720 ”下関大丸/南通路G予約あと28本8/ 27
47,??,11,安芸虎 熟成雄町＜無濾過生原酒＞純米大吟醸,2083,720,南西半.野町含.一般.計121 1/10 （2,28,2083 720 南西半.野町含.一般.計121 1/10 （2 28,11,OPEN-20260701-2083-0047,安芸虎 熟成雄町＜無濾過生原酒＞純米大吟醸 720ml 南西半.野町含.一般.計121 1/10 （2,2083,720,南西半.野町含.一般.計121 1/10 （2,28,2083 720 南西半.野町含.一般.計121 1/10 （2 28
48,??,11,安芸虎雄町ひやおろし純吟,5071,1800,R6南西計78＝5+4*2）*6 1/10 （R2.,78,安芸虎雄町ひやおろし純吟 5071 1800 R6南西計78＝5+4*2）*6 1/10 （R2. 78,11,OPEN-20260701-5071-0048,安芸虎雄町ひやおろし純吟 1800ml R6南西計78＝5+4*2）*6 1/10 （R2.,5071,1800,R6南西計78＝5+4*2）*6 1/10 （R2.,78,安芸虎雄町ひやおろし純吟 5071 1800 R6南西計78＝5+4*2）*6 1/10 （R2. 78
49,??,11,安芸虎雄町ひやおろし純吟,5071,1800,まだR7北東.4合前.計537/105＝9面+,537,5071 1800 まだR7北東.4合前.計537/105＝9面+ 537,11,OPEN-20260701-5071-0049,安芸虎雄町ひやおろし純吟 1800ml まだR7北東.4合前.計537/105＝9面+,5071,1800,まだR7北東.4合前.計537/105＝9面+,537,5071 1800 まだR7北東.4合前.計537/105＝9面+ 537
50,??,11,安芸虎雄町ひやおろし純吟,5071,1800,「R5北西手前③計189＝7*3+6+4）*6+,84,5071 1800 「R5北西手前③計189＝7*3+6+4）*6+ 84,11,OPEN-20260701-5071-0050,安芸虎雄町ひやおろし純吟 1800ml 「R5北西手前③計189＝7*3+6+4）*6+,5071,1800,「R5北西手前③計189＝7*3+6+4）*6+,84,5071 1800 「R5北西手前③計189＝7*3+6+4）*6+ 84
51,??,11,安芸虎雄町ひやおろし純吟,5073,720,R5詰替←元 北西「1.8前」計27 10/,5,5073 720 R5詰替←元 北西「1.8前」計27 10/ 5,11,OPEN-20260701-5073-0051,安芸虎雄町ひやおろし純吟 720ml R5詰替←元 北西「1.8前」計27 10/,5073,720,R5詰替←元 北西「1.8前」計27 10/,5,5073 720 R5詰替←元 北西「1.8前」計27 10/ 5
52,??,11,安芸虎雄町ひやおろし純吟,5073,720,今R6元+詰替/北東入口.9本 1/10,4,5073 720 今R6元+詰替/北東入口.9本 1/10 4,11,OPEN-20260701-5073-0052,安芸虎雄町ひやおろし純吟 720ml 今R6元+詰替/北東入口.9本 1/10,5073,720,今R6元+詰替/北東入口.9本 1/10,4,5073 720 今R6元+詰替/北東入口.9本 1/10 4
53,??,11,安芸虎雄町ひやおろし純吟,5073,720,まだR7北東半.計1308＝5面*20+8+1,1306,5073 720 まだR7北東半.計1308＝5面*20+8+1 1306,11,OPEN-20260701-5073-0053,安芸虎雄町ひやおろし純吟 720ml まだR7北東半.計1308＝5面*20+8+1,5073,720,まだR7北東半.計1308＝5面*20+8+1,1306,5073 720 まだR7北東半.計1308＝5面*20+8+1 1306
54,??,12,安芸虎雄町ひやおろし純吟,5075,300,R2.ｼﾌﾄ用/南つきあ82/4合東隣地べ,1,安芸虎雄町ひやおろし純吟 5075 300 R2.ｼﾌﾄ用/南つきあ82/4合東隣地べ 1,12,OPEN-20260701-5075-0054,安芸虎雄町ひやおろし純吟 300ml R2.ｼﾌﾄ用/南つきあ82/4合東隣地べ,5075,300,R2.ｼﾌﾄ用/南つきあ82/4合東隣地べ,1,安芸虎雄町ひやおろし純吟 5075 300 R2.ｼﾌﾄ用/南つきあ82/4合東隣地べ 1
55,??,12,安芸虎ライト,3011,1800,まだ北東R7計180＝9面*3+3）*6 4/2,177,安芸虎ライト 3011 1800 まだ北東R7計180＝9面*3+3）*6 4/2 177,12,OPEN-20260701-3011-0055,安芸虎ライト 1800ml まだ北東R7計180＝9面*3+3）*6 4/2,3011,1800,まだ北東R7計180＝9面*3+3）*6 4/2,177,安芸虎ライト 3011 1800 まだ北東R7計180＝9面*3+3）*6 4/2 177
56,??,12,安芸虎ライト,3011,1800,R1のみ南西半.計56＝5+4）*6+2 26.,9,3011 1800 R1のみ南西半.計56＝5+4）*6+2 26. 9,12,OPEN-20260701-3011-0056,安芸虎ライト 1800ml R1のみ南西半.計56＝5+4）*6+2 26.,3011,1800,R1のみ南西半.計56＝5+4）*6+2 26.,9,3011 1800 R1のみ南西半.計56＝5+4）*6+2 26. 9
57,??,12,安芸虎ライト,3013,720,まだR7北入口東.計1235＝5面*4）*3+,1209,3013 720 まだR7北入口東.計1235＝5面*4）*3+ 1209,12,OPEN-20260701-3013-0057,安芸虎ライト 720ml まだR7北入口東.計1235＝5面*4）*3+,3013,720,まだR7北入口東.計1235＝5面*4）*3+,1209,3013 720 まだR7北入口東.計1235＝5面*4）*3+ 1209
58,??,12,安芸虎ライト,3013,720,詰替R1南つきあたり手前.計15＝12+,40,3013 720 詰替R1南つきあたり手前.計15＝12+ 40,12,OPEN-20260701-3013-0058,安芸虎ライト 720ml 詰替R1南つきあたり手前.計15＝12+,3013,720,詰替R1南つきあたり手前.計15＝12+,40,3013 720 詰替R1南つきあたり手前.計15＝12+ 40
59,??,12,安芸虎CEL-24純米大吟醸,3513,720,*完売R4南東奥計1403＝7*9+4+2）*2,24,安芸虎CEL-24純米大吟醸 3513 720 *完売R4南東奥計1403＝7*9+4+2）*2 24,12,OPEN-20260701-3513-0059,安芸虎CEL-24純米大吟醸 720ml *完売R4南東奥計1403＝7*9+4+2）*2,3513,720,*完売R4南東奥計1403＝7*9+4+2）*2,24,安芸虎CEL-24純米大吟醸 3513 720 *完売R4南東奥計1403＝7*9+4+2）*2 24
60,??,12,安芸虎CEL-24純米大吟醸,3513,720,R7北入口東.計1527＝5面*4）*3+5面,1527,3513 720 R7北入口東.計1527＝5面*4）*3+5面 1527,12,OPEN-20260701-3513-0060,安芸虎CEL-24純米大吟醸 720ml R7北入口東.計1527＝5面*4）*3+5面,3513,720,R7北入口東.計1527＝5面*4）*3+5面,1527,3513 720 R7北入口東.計1527＝5面*4）*3+5面 1527
61,??,12,安芸虎CEL-24純米大吟醸,3518,375,R3南西④宝永町1本のみ＝4/30頃,1,3518 375 R3南西④宝永町1本のみ＝4/30頃 1,12,OPEN-20260701-3518-0061,安芸虎CEL-24純米大吟醸 375ml R3南西④宝永町1本のみ＝4/30頃,3518,375,R3南西④宝永町1本のみ＝4/30頃,1,3518 375 R3南西④宝永町1本のみ＝4/30頃 1
62,??,12,特撰玉川,21,1800,24ｂｙ/1本のみ南東/伊1.8右 8/10,1,特撰玉川 21 1800 24ｂｙ/1本のみ南東/伊1.8右 8/10 1,12,OPEN-20260701-21-0062,特撰玉川 1800ml 24ｂｙ/1本のみ南東/伊1.8右 8/10,21,1800,24ｂｙ/1本のみ南東/伊1.8右 8/10,1,特撰玉川 21 1800 24ｂｙ/1本のみ南東/伊1.8右 8/10 1
63,??,12,玉川原酒,33,720,生21BY.1本南西半壁.混載琴0.72 8/,1,33 720 生21BY.1本南西半壁.混載琴0.72 8/ 1,12,OPEN-20260701-33-0063,玉川原酒 720ml 生21BY.1本南西半壁.混載琴0.72 8/,33,720,生21BY.1本南西半壁.混載琴0.72 8/,1,33 720 生21BY.1本南西半壁.混載琴0.72 8/ 1
64,??,13,琴ヶ浜,43,720,19ｂｙねじ栓/生.南西半壁5本.8/30,5,43 720 19ｂｙねじ栓/生.南西半壁5本.8/30 5,13,OPEN-20260701-43-0064,琴ヶ浜 720ml 19ｂｙねじ栓/生.南西半壁5本.8/30,43,720,19ｂｙねじ栓/生.南西半壁5本.8/30,5,43 720 19ｂｙねじ栓/生.南西半壁5本.8/30 5
65,??,13,琴ヶ浜,43,720,20BY1本南西半壁（19ｂｙと混載）8/30,1,43 720 20BY1本南西半壁（19ｂｙと混載）8/30 1,13,OPEN-20260701-43-0065,琴ヶ浜 720ml 20BY1本南西半壁（19ｂｙと混載）8/30,43,720,20BY1本南西半壁（19ｂｙと混載）8/30,1,43 720 20BY1本南西半壁（19ｂｙと混載）8/30 1
66,??,13,玉川 純米大吟醸,121,1800,11ｂｙ山35.北G1本8/30 黄P,1,玉川 純米大吟醸 121 1800 11ｂｙ山35.北G1本8/30 黄P 1,13,OPEN-20260701-121-0066,玉川 純米大吟醸 1800ml 11ｂｙ山35.北G1本8/30 黄P,121,1800,11ｂｙ山35.北G1本8/30 黄P,1,玉川 純米大吟醸 121 1800 11ｂｙ山35.北G1本8/30 黄P 1
67,??,14,玉川 吟醸,251,1800,南.西奥/82前 2本 4/11 赤P,2,玉川 吟醸 251 1800 南.西奥/82前 2本 4/11 赤P 2,14,OPEN-20260701-251-0067,玉川 吟醸 1800ml 南.西奥/82前 2本 4/11 赤P,251,1800,南.西奥/82前 2本 4/11 赤P,2,玉川 吟醸 251 1800 南.西奥/82前 2本 4/11 赤P 2
68,??,14,玉川 金賞酒大吟醸,5001,1800,北G左②下段.9本 8/30,9,玉川 金賞酒大吟醸 5001 1800 北G左②下段.9本 8/30 9,14,OPEN-20260701-5001-0068,玉川 金賞酒大吟醸 1800ml 北G左②下段.9本 8/30,5001,1800,北G左②下段.9本 8/30,9,玉川 金賞酒大吟醸 5001 1800 北G左②下段.9本 8/30 9
69,??,15,赤野 吟の夢40% 純米大吟醸,71,1800,北G①中上14ｂｙ.2本 8/30,2,71 1800 北G①中上14ｂｙ.2本 8/30 2,15,OPEN-20260701-71-0069,赤野 吟の夢40% 純米大吟醸 1800ml 北G①中上14ｂｙ.2本 8/30,71,1800,北G①中上14ｂｙ.2本 8/30,2,71 1800 北G①中上14ｂｙ.2本 8/30 2
70,??,15,赤野 吟の夢50% 純米吟醸,91,1800,R7北東半.後方.計318＝9面*6）-1｝*6,243,赤野 吟の夢50% 純米吟醸 91 1800 R7北東半.後方.計318＝9面*6）-1｝*6 243,15,OPEN-20260701-91-0070,赤野 吟の夢50% 純米吟醸 1800ml R7北東半.後方.計318＝9面*6）-1｝*6,91,1800,R7北東半.後方.計318＝9面*6）-1｝*6,243,赤野 吟の夢50% 純米吟醸 91 1800 R7北東半.後方.計318＝9面*6）-1｝*6 243
71,??,15,赤野 吟の夢50% 純米吟醸,93,720,R7北東半.計1919＝5面*（4+3）｝*20+,1427,93 720 R7北東半.計1919＝5面*（4+3）｝*20+ 1427,15,OPEN-20260701-93-0071,赤野 吟の夢50% 純米吟醸 720ml R7北東半.計1919＝5面*（4+3）｝*20+,93,720,R7北東半.計1919＝5面*（4+3）｝*20+,1427,93 720 R7北東半.計1919＝5面*（4+3）｝*20+ 1427
72,??,15,赤野 吟の夢50% 純米吟醸,95,300,R7北東半.計800＝5面*3+2）*45+35,726,95 300 R7北東半.計800＝5面*3+2）*45+35 726,15,OPEN-20260701-95-0072,赤野 吟の夢50% 純米吟醸 300ml R7北東半.計800＝5面*3+2）*45+35,95,300,R7北東半.計800＝5面*3+2）*45+35,726,95 300 R7北東半.計800＝5面*3+2）*45+35 726
73,??,16,赤野 伊太郎 吟醸,401,1800,R7”計1766＝もと場38/北1728＝432,1119,401 1800 R7”計1766＝もと場38/北1728＝432 1119,16,OPEN-20260701-401-0073,赤野 伊太郎 吟醸 1800ml R7”計1766＝もと場38/北1728＝432,401,1800,R7”計1766＝もと場38/北1728＝432,1119,401 1800 R7”計1766＝もと場38/北1728＝432 1119
74,??,16,赤野 伊太郎 吟醸,403,720,R7北西半.計681＝5面*6+2+2）*20+1.,458,403 720 R7北西半.計681＝5面*6+2+2）*20+1. 458,16,OPEN-20260701-403-0074,赤野 伊太郎 吟醸 720ml R7北西半.計681＝5面*6+2+2）*20+1.,403,720,R7北西半.計681＝5面*6+2+2）*20+1.,458,403 720 R7北西半.計681＝5面*6+2+2）*20+1. 458
75,??,16,赤野 伊太郎 吟醸,405,300,R7”北西計2023＝5面*8+2）*45+13（,1377,405 300 R7”北西計2023＝5面*8+2）*45+13（ 1377,16,OPEN-20260701-405-0075,赤野 伊太郎 吟醸 300ml R7”北西計2023＝5面*8+2）*45+13（,405,300,R7”北西計2023＝5面*8+2）*45+13（,1377,405 300 R7”北西計2023＝5面*8+2）*45+13（ 1377
76,??,18,宇宙酒 安芸虎 吟の夢40% 純米大吟醸,2853,720,北G.ﾋﾟﾝｸ手板.2本 8/30,2,2853 720 北G.ﾋﾟﾝｸ手板.2本 8/30 2,18,OPEN-20260701-2853-0076,宇宙酒 安芸虎 吟の夢40% 純米大吟醸 720ml 北G.ﾋﾟﾝｸ手板.2本 8/30,2853,720,北G.ﾋﾟﾝｸ手板.2本 8/30,2,2853 720 北G.ﾋﾟﾝｸ手板.2本 8/30 2
77,??,18,宇宙酒 2006安芸虎 吟の夢50% 純米吟醸,2881,1800,もとば.横列手前②日和崎20黄紙+弊,45,宇宙酒 2006安芸虎 吟の夢50% 純米吟醸 2881 1800 もとば.横列手前②日和崎20黄紙+弊 45,18,OPEN-20260701-2881-0077,宇宙酒 2006安芸虎 吟の夢50% 純米吟醸 1800ml もとば.横列手前②日和崎20黄紙+弊,2881,1800,もとば.横列手前②日和崎20黄紙+弊,45,宇宙酒 2006安芸虎 吟の夢50% 純米吟醸 2881 1800 もとば.横列手前②日和崎20黄紙+弊 45
78,??,18,安芸虎兵の酒大吟醸,26038,375,槽場下7本 8/30,7,安芸虎兵の酒大吟醸 26038 375 槽場下7本 8/30 7,18,OPEN-20260701-26038-0078,安芸虎兵の酒大吟醸 375ml 槽場下7本 8/30,26038,375,槽場下7本 8/30,7,安芸虎兵の酒大吟醸 26038 375 槽場下7本 8/30 7
79,??,19,長期貯蔵酒,25901,1800,扉.右.6本 赤P,6,長期貯蔵酒 25901 1800 扉.右.6本 赤P 6,19,OPEN-20260701-25901-0079,長期貯蔵酒 1800ml 扉.右.6本 赤P,25901,1800,扉.右.6本 赤P,6,長期貯蔵酒 25901 1800 扉.右.6本 赤P 6
80,??,19,長期貯蔵酒,25903,720,扉.右奥7本.8/30黄ｹｯﾄ,7,25903 720 扉.右奥7本.8/30黄ｹｯﾄ 7,19,OPEN-20260701-25903-0080,長期貯蔵酒 720ml 扉.右奥7本.8/30黄ｹｯﾄ,25903,720,扉.右奥7本.8/30黄ｹｯﾄ,7,25903 720 扉.右奥7本.8/30黄ｹｯﾄ 7
81,??,21,楽三,6231,1800,R7北奥計92＝9面+6）*6+2.ﾌｸ60（R6ﾌ,44,楽三 6231 1800 R7北奥計92＝9面+6）*6+2.ﾌｸ60（R6ﾌ 44,21,OPEN-20260701-6231-0081,楽三 1800ml R7北奥計92＝9面+6）*6+2.ﾌｸ60（R6ﾌ,6231,1800,R7北奥計92＝9面+6）*6+2.ﾌｸ60（R6ﾌ,44,楽三 6231 1800 R7北奥計92＝9面+6）*6+2.ﾌｸ60（R6ﾌ 44
82,??,21,楽三,6235,300,R7北入口東計7531＝後方4950前210,5371,6235 300 R7北入口東計7531＝後方4950前210 5371,21,OPEN-20260701-6235-0082,楽三 300ml R7北入口東計7531＝後方4950前210,6235,300,R7北入口東計7531＝後方4950前210,5371,6235 300 R7北入口東計7531＝後方4950前210 5371
83,??,21,楽三最後の一搾り,6261,1800,26ｂｙ扉.左壁.計79＝5*2+3）*6+1 8/,79,楽三最後の一搾り 6261 1800 26ｂｙ扉.左壁.計79＝5*2+3）*6+1 8/ 79,21,OPEN-20260701-6261-0083,楽三最後の一搾り 1800ml 26ｂｙ扉.左壁.計79＝5*2+3）*6+1 8/,6261,1800,26ｂｙ扉.左壁.計79＝5*2+3）*6+1 8/,79,楽三最後の一搾り 6261 1800 26ｂｙ扉.左壁.計79＝5*2+3）*6+1 8/ 79
84,??,21,ﾌｸﾋｶﾘ 6251 1800,6241,1800,北G入口10本＝9ｂｙ9本+10ｂｙ1本 青,10,6241 1800 北G入口10本＝9ｂｙ9本+10ｂｙ1本 青 10,21,OPEN-20260701-6241-0084,ﾌｸﾋｶﾘ 6251 1800 1800ml 北G入口10本＝9ｂｙ9本+10ｂｙ1本 青,6241,1800,北G入口10本＝9ｂｙ9本+10ｂｙ1本 青,10,6241 1800 北G入口10本＝9ｂｙ9本+10ｂｙ1本 青 10
